Stn Code,Sampling Date,State,City/Town/Village/Area,Location of Monitoring Station,Agency,Type of Location,SO2,NO2,RSPM/PM10,PM 2.5
61,02-01-2015,Punjab,Ludhiana,"The Ludhiana Dist. Coop. Milk Producers Union Ltd., Ferozpur Road, Ludhiana.",Punjab State Pollution Control Board,Industrial Area,9,25,215,NA
61,05-01-2015,Punjab,Ludhiana,"The Ludhiana Dist. Coop. Milk Producers Union Ltd., Ferozpur Road, Ludhiana.",Punjab State Pollution Control Board,Industrial Area,9,24,177,NA
61,07-01-2015,Punjab,Ludhiana,"The Ludhiana Dist. Coop. Milk Producers Union Ltd., Ferozpur Road, Ludhiana.",Punjab State Pollution Control Board,Industrial Area,11,30,201,NA
61,09-01-2015,Punjab,Ludhiana,"The Ludhiana Dist. Coop. Milk Producers Union Ltd., Ferozpur Road, Ludhiana.",Punjab State Pollution Control Board,Industrial Area,10,24,106,NA
61,12-01-2015,Punjab,Ludhiana,"The Ludhiana Dist. Coop. Milk Producers Union Ltd., Ferozpur Road, Ludhiana.",Punjab State Pollution Control Board,Industrial Area,10,24,111,NA
61,14-01-2015,Punjab,Ludhiana,"The Ludhiana Dist. Coop. Milk Producers Union Ltd., Ferozpur Road, Ludhiana.",Punjab State Pollution Control Board,Industrial Area,NA,NA,49,NA
61,16-01-2015,Punjab,Ludhiana,"The Ludhiana Dist. Coop. Milk Producers Union Ltd., Ferozpur Road, Ludhiana.",Punjab State Pollution Control Board,Industrial Area,12,31,67,NA
61,19-01-2015,Punjab,Ludhiana,"The Ludhiana Dist. Coop. Milk Producers Union Ltd., Ferozpur Road, Ludhiana.",Punjab State Pollution Control Board,Industrial Area,9,31,103,NA
61,23-01-2015,Punjab,Ludhiana,"The Ludhiana Dist. Coop. Milk Producers Union Ltd., Ferozpur Road, Ludhiana.",Punjab State Pollution Control Board,Industrial Area,10,25,66,NA
61,28-01-2015,Punjab,Ludhiana,"The Ludhiana Dist. Coop. Milk Producers Union Ltd., Ferozpur Road, Ludhiana.",Punjab State Pollution Control Board,Industrial Area,9,24,59,NA
61,30-01-2015,Punjab,Ludhiana,"The Ludhiana Dist. Coop. Milk Producers Union Ltd., Ferozpur Road, Ludhiana.",Punjab State Pollution Control Board,Industrial Area,9,27,76,NA
61,02-02-2015,Punjab,Ludhiana,"The Ludhiana Dist. Coop. Milk Producers Union Ltd., Ferozpur Road, Ludhiana.",Punjab State Pollution Control Board,Industrial Area,9,28,185,NA
61,04-02-2015,Punjab,Ludhiana,"The Ludhiana Dist. Coop. Milk Producers Union Ltd., Ferozpur Road, Ludhiana.",Punjab State Pollution Control Board,Industrial Area,10,29,38,NA
61,06-02-2015,Punjab,Ludhiana,"The Ludhiana Dist. Coop. Milk Producers Union Ltd., Ferozpur Road, Ludhiana.",Punjab State Pollution Control Board,Industrial Area,10,28,103,NA
61,09-02-2015,Punjab,Ludhiana,"The Ludhiana Dist. Coop. Milk Producers Union Ltd., Ferozpur Road, Ludhiana.",Punjab State Pollution Control Board,Industrial Area,10,30,60,NA
61,11-02-2015,Punjab,Ludhiana,"The Ludhiana Dist. Coop. Milk Producers Union Ltd., Ferozpur Road, Ludhiana.",Punjab State Pollution Control Board,Industrial Area,11,31,130,NA
61,13-02-2015,Punjab,Ludhiana,"The Ludhiana Dist. Coop. Milk Producers Union Ltd., Ferozpur Road, Ludhiana.",Punjab State Pollution Control Board,Industrial Area,11,28,89,NA
61,16-02-2015,Punjab,Ludhiana,"The Ludhiana Dist. Coop. Milk Producers Union Ltd., Ferozpur Road, Ludhiana.",Punjab State Pollution Control Board,Industrial Area,7,23,146,NA
61,18-02-2015,Punjab,Ludhiana,"The Ludhiana Dist. Coop. Milk Producers Union Ltd., Ferozpur Road, Ludhiana.",Punjab State Pollution Control Board,Industrial Area,10,29,156,NA
61,20-02-2015,Punjab,Ludhiana,"The Ludhiana Dist. Coop. Milk Producers Union Ltd., Ferozpur Road, Ludhiana.",Punjab State Pollution Control Board,Industrial Area,11,29,45,NA
61,23-02-2015,Punjab,Ludhiana,"The Ludhiana Dist. Coop. Milk Producers Union Ltd., Ferozpur Road, Ludhiana.",Punjab State Pollution Control Board,Industrial Area,10,30,147,NA
61,25-02-2015,Punjab,Ludhiana,"The Ludhiana Dist. Coop. Milk Producers Union Ltd., Ferozpur Road, Ludhiana.",Punjab State Pollution Control Board,Industrial Area,14,33,155,NA
61,27-02-2015,Punjab,Ludhiana,"The Ludhiana Dist. Coop. Milk Producers Union Ltd., Ferozpur Road, Ludhiana.",Punjab State Pollution Control Board,Industrial Area,9,29,110,NA
61,04-03-2015,Punjab,Ludhiana,"The Ludhiana Dist. Coop. Milk Producers Union Ltd., Ferozpur Road, Ludhiana.",Punjab State Pollution Control Board,Industrial Area,11,27,105,NA
61,09-03-2015,Punjab,Ludhiana,"The Ludhiana Dist. Coop. Milk Producers Union Ltd., Ferozpur Road, Ludhiana.",Punjab State Pollution Control Board,Industrial Area,9,29,47,NA
61,11-03-2015,Punjab,Ludhiana,"The Ludhiana Dist. Coop. Milk Producers Union Ltd., Ferozpur Road, Ludhiana.",Punjab State Pollution Control Board,Industrial Area,10,33,196,NA
61,13-03-2015,Punjab,Ludhiana,"The Ludhiana Dist. Coop. Milk Producers Union Ltd., Ferozpur Road, Ludhiana.",Punjab State Pollution Control Board,Industrial Area,9,25,36,NA
61,16-03-2015,Punjab,Ludhiana,"The Ludhiana Dist. Coop. Milk Producers Union Ltd., Ferozpur Road, Ludhiana.",Punjab State Pollution Control Board,Industrial Area,8,23,22,NA
61,18-03-2015,Punjab,Ludhiana,"The Ludhiana Dist. Coop. Milk Producers Union Ltd., Ferozpur Road, Ludhiana.",Punjab State Pollution Control Board,Industrial Area,9,24,25,NA
61,20-03-2015,Punjab,Ludhiana,"The Ludhiana Dist. Coop. Milk Producers Union Ltd., Ferozpur Road, Ludhiana.",Punjab State Pollution Control Board,Industrial Area,7,24,45,NA
61,25-03-2015,Punjab,Ludhiana,"The Ludhiana Dist. Coop. Milk Producers Union Ltd., Ferozpur Road, Ludhiana.",Punjab State Pollution Control Board,Industrial Area,8,27,43,NA
61,27-03-2015,Punjab,Ludhiana,"The Ludhiana Dist. Coop. Milk Producers Union Ltd., Ferozpur Road, Ludhiana.",Punjab State Pollution Control Board,Industrial Area,9,27,38,NA
61,30-03-2015,Punjab,Ludhiana,"The Ludhiana Dist. Coop. Milk Producers Union Ltd., Ferozpur Road, Ludhiana.",Punjab State Pollution Control Board,Industrial Area,14,21,47,NA
61,01-04-2015,Punjab,Ludhiana,"The Ludhiana Dist. Coop. Milk Producers Union Ltd., Ferozpur Road, Ludhiana.",Punjab State Pollution Control Board,Industrial Area,9,21,78,NA
61,06-04-2015,Punjab,Ludhiana,"The Ludhiana Dist. Coop. Milk Producers Union Ltd., Ferozpur Road, Ludhiana.",Punjab State Pollution Control Board,Industrial Area,11,24,107,NA
61,08-04-2015,Punjab,Ludhiana,"The Ludhiana Dist. Coop. Milk Producers Union Ltd., Ferozpur Road, Ludhiana.",Punjab State Pollution Control Board,Industrial Area,8,19,86,NA
61,10-04-2015,Punjab,Ludhiana,"The Ludhiana Dist. Coop. Milk Producers Union Ltd., Ferozpur Road, Ludhiana.",Punjab State Pollution Control Board,Industrial Area,8,22,38,NA
61,13-04-2015,Punjab,Ludhiana,"The Ludhiana Dist. Coop. Milk Producers Union Ltd., Ferozpur Road, Ludhiana.",Punjab State Pollution Control Board,Industrial Area,10,25,83,NA
61,15-04-2015,Punjab,Ludhiana,"The Ludhiana Dist. Coop. Milk Producers Union Ltd., Ferozpur Road, Ludhiana.",Punjab State Pollution Control Board,Industrial Area,11,29,113,NA
61,17-04-2015,Punjab,Ludhiana,"The Ludhiana Dist. Coop. Milk Producers Union Ltd., Ferozpur Road, Ludhiana.",Punjab State Pollution Control Board,Industrial Area,11,25,82,NA
61,20-04-2015,Punjab,Ludhiana,"The Ludhiana Dist. Coop. Milk Producers Union Ltd., Ferozpur Road, Ludhiana.",Punjab State Pollution Control Board,Industrial Area,10,26,192,NA
61,22-04-2015,Punjab,Ludhiana,"The Ludhiana Dist. Coop. Milk Producers Union Ltd., Ferozpur Road, Ludhiana.",Punjab State Pollution Control Board,Industrial Area,10,32,90,NA
61,24-04-2015,Punjab,Ludhiana,"The Ludhiana Dist. Coop. Milk Producers Union Ltd., Ferozpur Road, Ludhiana.",Punjab State Pollution Control Board,Industrial Area,10,31,98,NA
61,27-04-2015,Punjab,Ludhiana,"The Ludhiana Dist. Coop. Milk Producers Union Ltd., Ferozpur Road, Ludhiana.",Punjab State Pollution Control Board,Industrial Area,11,28,128,NA
61,29-04-2015,Punjab,Ludhiana,"The Ludhiana Dist. Coop. Milk Producers Union Ltd., Ferozpur Road, Ludhiana.",Punjab State Pollution Control Board,Industrial Area,12,30,78,NA
61,08-05-2015,Punjab,Ludhiana,"The Ludhiana Dist. Coop. Milk Producers Union Ltd., Ferozpur Road, Ludhiana.",Punjab State Pollution Control Board,Industrial Area,13,37,149,NA
61,11-05-2015,Punjab,Ludhiana,"The Ludhiana Dist. Coop. Milk Producers Union Ltd., Ferozpur Road, Ludhiana.",Punjab State Pollution Control Board,Industrial Area,10,26,88,NA
61,13-05-2015,Punjab,Ludhiana,"The Ludhiana Dist. Coop. Milk Producers Union Ltd., Ferozpur Road, Ludhiana.",Punjab State Pollution Control Board,Industrial Area,10,28,111,NA
61,15-05-2015,Punjab,Ludhiana,"The Ludhiana Dist. Coop. Milk Producers Union Ltd., Ferozpur Road, Ludhiana.",Punjab State Pollution Control Board,Industrial Area,12,33,65,NA
61,18-05-2015,Punjab,Ludhiana,"The Ludhiana Dist. Coop. Milk Producers Union Ltd., Ferozpur Road, Ludhiana.",Punjab State Pollution Control Board,Industrial Area,8,28,58,NA
61,20-05-2015,Punjab,Ludhiana,"The Ludhiana Dist. Coop. Milk Producers Union Ltd., Ferozpur Road, Ludhiana.",Punjab State Pollution Control Board,Industrial Area,8,27,107,NA
61,25-05-2015,Punjab,Ludhiana,"The Ludhiana Dist. Coop. Milk Producers Union Ltd., Ferozpur Road, Ludhiana.",Punjab State Pollution Control Board,Industrial Area,7,29,80,NA
61,03-06-2015,Punjab,Ludhiana,"The Ludhiana Dist. Coop. Milk Producers Union Ltd., Ferozpur Road, Ludhiana.",Punjab State Pollution Control Board,Industrial Area,7,25,105,NA
61,08-06-2015,Punjab,Ludhiana,"The Ludhiana Dist. Coop. Milk Producers Union Ltd., Ferozpur Road, Ludhiana.",Punjab State Pollution Control Board,Industrial Area,8,28,68,NA
61,01-07-2015,Punjab,Ludhiana,"The Ludhiana Dist. Coop. Milk Producers Union Ltd., Ferozpur Road, Ludhiana.",Punjab State Pollution Control Board,Industrial Area,7,29,109,NA
61,03-07-2015,Punjab,Ludhiana,"The Ludhiana Dist. Coop. Milk Producers Union Ltd., Ferozpur Road, Ludhiana.",Punjab State Pollution Control Board,Industrial Area,10,27,146,NA
61,06-07-2015,Punjab,Ludhiana,"The Ludhiana Dist. Coop. Milk Producers Union Ltd., Ferozpur Road, Ludhiana.",Punjab State Pollution Control Board,Industrial Area,7,27,76,NA
61,05-08-2015,Punjab,Ludhiana,"The Ludhiana Dist. Coop. Milk Producers Union Ltd., Ferozpur Road, Ludhiana.",Punjab State Pollution Control Board,Industrial Area,6,25,49,NA
61,10-08-2015,Punjab,Ludhiana,"The Ludhiana Dist. Coop. Milk Producers Union Ltd., Ferozpur Road, Ludhiana.",Punjab State Pollution Control Board,Industrial Area,8,17,111,NA
61,12-08-2015,Punjab,Ludhiana,"The Ludhiana Dist. Coop. Milk Producers Union Ltd., Ferozpur Road, Ludhiana.",Punjab State Pollution Control Board,Industrial Area,7,16,108,NA
61,14-08-2015,Punjab,Ludhiana,"The Ludhiana Dist. Coop. Milk Producers Union Ltd., Ferozpur Road, Ludhiana.",Punjab State Pollution Control Board,Industrial Area,7,19,162,NA
61,17-08-2015,Punjab,Ludhiana,"The Ludhiana Dist. Coop. Milk Producers Union Ltd., Ferozpur Road, Ludhiana.",Punjab State Pollution Control Board,Industrial Area,7,14,140,NA
61,19-08-2015,Punjab,Ludhiana,"The Ludhiana Dist. Coop. Milk Producers Union Ltd., Ferozpur Road, Ludhiana.",Punjab State Pollution Control Board,Industrial Area,7,15,115,NA
61,21-08-2015,Punjab,Ludhiana,"The Ludhiana Dist. Coop. Milk Producers Union Ltd., Ferozpur Road, Ludhiana.",Punjab State Pollution Control Board,Industrial Area,8,22,175,NA
61,24-08-2015,Punjab,Ludhiana,"The Ludhiana Dist. Coop. Milk Producers Union Ltd., Ferozpur Road, Ludhiana.",Punjab State Pollution Control Board,Industrial Area,8,22,102,NA
61,26-08-2015,Punjab,Ludhiana,"The Ludhiana Dist. Coop. Milk Producers Union Ltd., Ferozpur Road, Ludhiana.",Punjab State Pollution Control Board,Industrial Area,6,19,117,NA
61,28-08-2015,Punjab,Ludhiana,"The Ludhiana Dist. Coop. Milk Producers Union Ltd., Ferozpur Road, Ludhiana.",Punjab State Pollution Control Board,Industrial Area,10,23,148,NA
61,31-08-2015,Punjab,Ludhiana,"The Ludhiana Dist. Coop. Milk Producers Union Ltd., Ferozpur Road, Ludhiana.",Punjab State Pollution Control Board,Industrial Area,11,24,130,NA
61,02-09-2015,Punjab,Ludhiana,"The Ludhiana Dist. Coop. Milk Producers Union Ltd., Ferozpur Road, Ludhiana.",Punjab State Pollution Control Board,Industrial Area,7,23,99,NA
61,04-09-2015,Punjab,Ludhiana,"The Ludhiana Dist. Coop. Milk Producers Union Ltd., Ferozpur Road, Ludhiana.",Punjab State Pollution Control Board,Industrial Area,8,19,158,NA
61,07-09-2015,Punjab,Ludhiana,"The Ludhiana Dist. Coop. Milk Producers Union Ltd., Ferozpur Road, Ludhiana.",Punjab State Pollution Control Board,Industrial Area,8,16,68,NA
61,09-09-2015,Punjab,Ludhiana,"The Ludhiana Dist. Coop. Milk Producers Union Ltd., Ferozpur Road, Ludhiana.",Punjab State Pollution Control Board,Industrial Area,8,18,61,NA
61,11-09-2015,Punjab,Ludhiana,"The Ludhiana Dist. Coop. Milk Producers Union Ltd., Ferozpur Road, Ludhiana.",Punjab State Pollution Control Board,Industrial Area,7,15,76,NA
61,16-09-2015,Punjab,Ludhiana,"The Ludhiana Dist. Coop. Milk Producers Union Ltd., Ferozpur Road, Ludhiana.",Punjab State Pollution Control Board,Industrial Area,12,19,184,NA
61,18-09-2015,Punjab,Ludhiana,"The Ludhiana Dist. Coop. Milk Producers Union Ltd., Ferozpur Road, Ludhiana.",Punjab State Pollution Control Board,Industrial Area,11,17,107,NA
61,21-09-2015,Punjab,Ludhiana,"The Ludhiana Dist. Coop. Milk Producers Union Ltd., Ferozpur Road, Ludhiana.",Punjab State Pollution Control Board,Industrial Area,9,15,118,NA
61,28-09-2015,Punjab,Ludhiana,"The Ludhiana Dist. Coop. Milk Producers Union Ltd., Ferozpur Road, Ludhiana.",Punjab State Pollution Control Board,Industrial Area,8,15,104,NA
61,30-09-2015,Punjab,Ludhiana,"The Ludhiana Dist. Coop. Milk Producers Union Ltd., Ferozpur Road, Ludhiana.",Punjab State Pollution Control Board,Industrial Area,9,19,108,NA
61,05-10-2015,Punjab,Ludhiana,"The Ludhiana Dist. Coop. Milk Producers Union Ltd., Ferozpur Road, Ludhiana.",Punjab State Pollution Control Board,Industrial Area,7,24,151,NA
61,07-10-2015,Punjab,Ludhiana,"The Ludhiana Dist. Coop. Milk Producers Union Ltd., Ferozpur Road, Ludhiana.",Punjab State Pollution Control Board,Industrial Area,8,26,133,NA
61,09-10-2015,Punjab,Ludhiana,"The Ludhiana Dist. Coop. Milk Producers Union Ltd., Ferozpur Road, Ludhiana.",Punjab State Pollution Control Board,Industrial Area,8,22,139,NA
61,12-10-2015,Punjab,Ludhiana,"The Ludhiana Dist. Coop. Milk Producers Union Ltd., Ferozpur Road, Ludhiana.",Punjab State Pollution Control Board,Industrial Area,11,34,115,NA
61,14-10-2015,Punjab,Ludhiana,"The Ludhiana Dist. Coop. Milk Producers Union Ltd., Ferozpur Road, Ludhiana.",Punjab State Pollution Control Board,Industrial Area,10,36,193,NA
61,19-10-2015,Punjab,Ludhiana,"The Ludhiana Dist. Coop. Milk Producers Union Ltd., Ferozpur Road, Ludhiana.",Punjab State Pollution Control Board,Industrial Area,11,35,124,NA
61,21-10-2015,Punjab,Ludhiana,"The Ludhiana Dist. Coop. Milk Producers Union Ltd., Ferozpur Road, Ludhiana.",Punjab State Pollution Control Board,Industrial Area,12,33,116,NA
61,26-10-2015,Punjab,Ludhiana,"The Ludhiana Dist. Coop. Milk Producers Union Ltd., Ferozpur Road, Ludhiana.",Punjab State Pollution Control Board,Industrial Area,13,35,138,NA
61,28-10-2015,Punjab,Ludhiana,"The Ludhiana Dist. Coop. Milk Producers Union Ltd., Ferozpur Road, Ludhiana.",Punjab State Pollution Control Board,Industrial Area,11,32,176,NA
61,30-10-2015,Punjab,Ludhiana,"The Ludhiana Dist. Coop. Milk Producers Union Ltd., Ferozpur Road, Ludhiana.",Punjab State Pollution Control Board,Industrial Area,12,33,193,NA
61,02-11-2015,Punjab,Ludhiana,"The Ludhiana Dist. Coop. Milk Producers Union Ltd., Ferozpur Road, Ludhiana.",Punjab State Pollution Control Board,Industrial Area,12,33,144,NA
61,04-11-2015,Punjab,Ludhiana,"The Ludhiana Dist. Coop. Milk Producers Union Ltd., Ferozpur Road, Ludhiana.",Punjab State Pollution Control Board,Industrial Area,12,32,281,NA
61,06-11-2015,Punjab,Ludhiana,"The Ludhiana Dist. Coop. Milk Producers Union Ltd., Ferozpur Road, Ludhiana.",Punjab State Pollution Control Board,Industrial Area,12,33,167,NA
61,09-11-2015,Punjab,Ludhiana,"The Ludhiana Dist. Coop. Milk Producers Union Ltd., Ferozpur Road, Ludhiana.",Punjab State Pollution Control Board,Industrial Area,11,29,192,NA
61,13-11-2015,Punjab,Ludhiana,"The Ludhiana Dist. Coop. Milk Producers Union Ltd., Ferozpur Road, Ludhiana.",Punjab State Pollution Control Board,Industrial Area,14,33,114,NA
61,18-11-2015,Punjab,Ludhiana,"The Ludhiana Dist. Coop. Milk Producers Union Ltd., Ferozpur Road, Ludhiana.",Punjab State Pollution Control Board,Industrial Area,8,22,115,NA
61,20-11-2015,Punjab,Ludhiana,"The Ludhiana Dist. Coop. Milk Producers Union Ltd., Ferozpur Road, Ludhiana.",Punjab State Pollution Control Board,Industrial Area,9,29,167,NA
61,25-11-2015,Punjab,Ludhiana,"The Ludhiana Dist. Coop. Milk Producers Union Ltd., Ferozpur Road, Ludhiana.",Punjab State Pollution Control Board,Industrial Area,8,19,143,NA
61,27-11-2015,Punjab,Ludhiana,"The Ludhiana Dist. Coop. Milk Producers Union Ltd., Ferozpur Road, Ludhiana.",Punjab State Pollution Control Board,Industrial Area,12,30,118,NA
61,30-11-2015,Punjab,Ludhiana,"The Ludhiana Dist. Coop. Milk Producers Union Ltd., Ferozpur Road, Ludhiana.",Punjab State Pollution Control Board,Industrial Area,14,33,161,NA
61,11-12-2015,Punjab,Ludhiana,"The Ludhiana Dist. Coop. Milk Producers Union Ltd., Ferozpur Road, Ludhiana.",Punjab State Pollution Control Board,Industrial Area,12,20,117,NA
61,12-12-2015,Punjab,Ludhiana,"The Ludhiana Dist. Coop. Milk Producers Union Ltd., Ferozpur Road, Ludhiana.",Punjab State Pollution Control Board,Industrial Area,11,32,133,NA
61,14-12-2015,Punjab,Ludhiana,"The Ludhiana Dist. Coop. Milk Producers Union Ltd., Ferozpur Road, Ludhiana.",Punjab State Pollution Control Board,Industrial Area,12,28,110,NA
61,18-12-2015,Punjab,Ludhiana,"The Ludhiana Dist. Coop. Milk Producers Union Ltd., Ferozpur Road, Ludhiana.",Punjab State Pollution Control Board,Industrial Area,12,36,110,NA
61,21-12-2015,Punjab,Ludhiana,"The Ludhiana Dist. Coop. Milk Producers Union Ltd., Ferozpur Road, Ludhiana.",Punjab State Pollution Control Board,Industrial Area,13,24,143,NA
61,23-12-2015,Punjab,Ludhiana,"The Ludhiana Dist. Coop. Milk Producers Union Ltd., Ferozpur Road, Ludhiana.",Punjab State Pollution Control Board,Industrial Area,12,22,123,NA
61,28-12-2015,Punjab,Ludhiana,"The Ludhiana Dist. Coop. Milk Producers Union Ltd., Ferozpur Road, Ludhiana.",Punjab State Pollution Control Board,Industrial Area,12,24,116,NA
61,29-12-2015,Punjab,Ludhiana,"The Ludhiana Dist. Coop. Milk Producers Union Ltd., Ferozpur Road, Ludhiana.",Punjab State Pollution Control Board,Industrial Area,12,23,110,NA
61,30-12-2015,Punjab,Ludhiana,"The Ludhiana Dist. Coop. Milk Producers Union Ltd., Ferozpur Road, Ludhiana.",Punjab State Pollution Control Board,Industrial Area,11,19,123,NA
61,31-12-2015,Punjab,Ludhiana,"The Ludhiana Dist. Coop. Milk Producers Union Ltd., Ferozpur Road, Ludhiana.",Punjab State Pollution Control Board,Industrial Area,11,19,105,NA
76,01-01-2015,Punjab,Ludhiana,"Rita Sewing Machines, Ludhiana",Punjab State Pollution Control Board,Industrial Area,9,28,270,NA
76,03-01-2015,Punjab,Ludhiana,"Rita Sewing Machines, Ludhiana",Punjab State Pollution Control Board,Industrial Area,14,31,202,NA
76,06-01-2015,Punjab,Ludhiana,"Rita Sewing Machines, Ludhiana",Punjab State Pollution Control Board,Industrial Area,13,32,275,NA
76,08-01-2015,Punjab,Ludhiana,"Rita Sewing Machines, Ludhiana",Punjab State Pollution Control Board,Industrial Area,13,30,254,NA
76,10-01-2015,Punjab,Ludhiana,"Rita Sewing Machines, Ludhiana",Punjab State Pollution Control Board,Industrial Area,13,32,165,NA
76,13-01-2015,Punjab,Ludhiana,"Rita Sewing Machines, Ludhiana",Punjab State Pollution Control Board,Industrial Area,15,31,216,NA
76,15-01-2015,Punjab,Ludhiana,"Rita Sewing Machines, Ludhiana",Punjab State Pollution Control Board,Industrial Area,14,32,171,NA
76,17-01-2015,Punjab,Ludhiana,"Rita Sewing Machines, Ludhiana",Punjab State Pollution Control Board,Industrial Area,14,30,295,NA
76,20-01-2015,Punjab,Ludhiana,"Rita Sewing Machines, Ludhiana",Punjab State Pollution Control Board,Industrial Area,9,32,244,NA
76,22-01-2015,Punjab,Ludhiana,"Rita Sewing Machines, Ludhiana",Punjab State Pollution Control Board,Industrial Area,14,30,118,NA
76,27-01-2015,Punjab,Ludhiana,"Rita Sewing Machines, Ludhiana",Punjab State Pollution Control Board,Industrial Area,13,25,149,NA
76,29-01-2015,Punjab,Ludhiana,"Rita Sewing Machines, Ludhiana",Punjab State Pollution Control Board,Industrial Area,12,23,166,NA
76,31-01-2015,Punjab,Ludhiana,"Rita Sewing Machines, Ludhiana",Punjab State Pollution Control Board,Industrial Area,12,29,179,NA
76,05-02-2015,Punjab,Ludhiana,"Rita Sewing Machines, Ludhiana",Punjab State Pollution Control Board,Industrial Area,13,32,213,NA
76,07-02-2015,Punjab,Ludhiana,"Rita Sewing Machines, Ludhiana",Punjab State Pollution Control Board,Industrial Area,12,32,165,NA
76,10-02-2015,Punjab,Ludhiana,"Rita Sewing Machines, Ludhiana",Punjab State Pollution Control Board,Industrial Area,14,30,132,NA
76,12-02-2015,Punjab,Ludhiana,"Rita Sewing Machines, Ludhiana",Punjab State Pollution Control Board,Industrial Area,15,31,351,NA
76,14-02-2015,Punjab,Ludhiana,"Rita Sewing Machines, Ludhiana",Punjab State Pollution Control Board,Industrial Area,14,32,211,NA
76,19-02-2015,Punjab,Ludhiana,"Rita Sewing Machines, Ludhiana",Punjab State Pollution Control Board,Industrial Area,15,31,297,NA
76,21-02-2015,Punjab,Ludhiana,"Rita Sewing Machines, Ludhiana",Punjab State Pollution Control Board,Industrial Area,13,30,126,NA
76,24-02-2015,Punjab,Ludhiana,"Rita Sewing Machines, Ludhiana",Punjab State Pollution Control Board,Industrial Area,15,30,188,NA
76,26-02-2015,Punjab,Ludhiana,"Rita Sewing Machines, Ludhiana",Punjab State Pollution Control Board,Industrial Area,12,28,178,NA
76,28-02-2015,Punjab,Ludhiana,"Rita Sewing Machines, Ludhiana",Punjab State Pollution Control Board,Industrial Area,11,32,256,NA
76,14-03-2015,Punjab,Ludhiana,"Rita Sewing Machines, Ludhiana",Punjab State Pollution Control Board,Industrial Area,13,29,274,NA
76,17-03-2015,Punjab,Ludhiana,"Rita Sewing Machines, Ludhiana",Punjab State Pollution Control Board,Industrial Area,14,32,221,NA
76,19-03-2015,Punjab,Ludhiana,"Rita Sewing Machines, Ludhiana",Punjab State Pollution Control Board,Industrial Area,13,31,207,NA
76,21-03-2015,Punjab,Ludhiana,"Rita Sewing Machines, Ludhiana",Punjab State Pollution Control Board,Industrial Area,14,30,197,NA
76,24-03-2015,Punjab,Ludhiana,"Rita Sewing Machines, Ludhiana",Punjab State Pollution Control Board,Industrial Area,9,32,258,NA
76,31-03-2015,Punjab,Ludhiana,"Rita Sewing Machines, Ludhiana",Punjab State Pollution Control Board,Industrial Area,12,31,231,NA
76,04-04-2015,Punjab,Ludhiana,"Rita Sewing Machines, Ludhiana",Punjab State Pollution Control Board,Industrial Area,13,29,188,NA
76,07-04-2015,Punjab,Ludhiana,"Rita Sewing Machines, Ludhiana",Punjab State Pollution Control Board,Industrial Area,14,30,205,NA
76,09-04-2015,Punjab,Ludhiana,"Rita Sewing Machines, Ludhiana",Punjab State Pollution Control Board,Industrial Area,15,31,83,NA
76,11-04-2015,Punjab,Ludhiana,"Rita Sewing Machines, Ludhiana",Punjab State Pollution Control Board,Industrial Area,9,32,67,NA
76,16-04-2015,Punjab,Ludhiana,"Rita Sewing Machines, Ludhiana",Punjab State Pollution Control Board,Industrial Area,9,30,56,NA
76,18-04-2015,Punjab,Ludhiana,"Rita Sewing Machines, Ludhiana",Punjab State Pollution Control Board,Industrial Area,12,23,184,NA
76,23-04-2015,Punjab,Ludhiana,"Rita Sewing Machines, Ludhiana",Punjab State Pollution Control Board,Industrial Area,14,32,182,NA
76,25-04-2015,Punjab,Ludhiana,"Rita Sewing Machines, Ludhiana",Punjab State Pollution Control Board,Industrial Area,13,30,227,NA
76,28-04-2015,Punjab,Ludhiana,"Rita Sewing Machines, Ludhiana",Punjab State Pollution Control Board,Industrial Area,14,32,224,NA
76,30-04-2015,Punjab,Ludhiana,"Rita Sewing Machines, Ludhiana",Punjab State Pollution Control Board,Industrial Area,13,29,253,NA
76,02-05-2015,Punjab,Ludhiana,"Rita Sewing Machines, Ludhiana",Punjab State Pollution Control Board,Industrial Area,12,31,161,NA
76,05-05-2015,Punjab,Ludhiana,"Rita Sewing Machines, Ludhiana",Punjab State Pollution Control Board,Industrial Area,11,27,164,NA
76,07-05-2015,Punjab,Ludhiana,"Rita Sewing Machines, Ludhiana",Punjab State Pollution Control Board,Industrial Area,14,31,175,NA
76,09-05-2015,Punjab,Ludhiana,"Rita Sewing Machines, Ludhiana",Punjab State Pollution Control Board,Industrial Area,12,33,235,NA
76,14-05-2015,Punjab,Ludhiana,"Rita Sewing Machines, Ludhiana",Punjab State Pollution Control Board,Industrial Area,12,33,300,NA
76,16-05-2015,Punjab,Ludhiana,"Rita Sewing Machines, Ludhiana",Punjab State Pollution Control Board,Industrial Area,14,31,138,NA
76,19-05-2015,Punjab,Ludhiana,"Rita Sewing Machines, Ludhiana",Punjab State Pollution Control Board,Industrial Area,16,35,199,NA
76,21-05-2015,Punjab,Ludhiana,"Rita Sewing Machines, Ludhiana",Punjab State Pollution Control Board,Industrial Area,14,33,229,NA
76,23-05-2015,Punjab,Ludhiana,"Rita Sewing Machines, Ludhiana",Punjab State Pollution Control Board,Industrial Area,7,32,248,NA
76,09-06-2015,Punjab,Ludhiana,"Rita Sewing Machines, Ludhiana",Punjab State Pollution Control Board,Industrial Area,12,27,121,NA
76,11-06-2015,Punjab,Ludhiana,"Rita Sewing Machines, Ludhiana",Punjab State Pollution Control Board,Industrial Area,13,26,146,NA
76,13-06-2015,Punjab,Ludhiana,"Rita Sewing Machines, Ludhiana",Punjab State Pollution Control Board,Industrial Area,13,30,123,NA
76,20-06-2015,Punjab,Ludhiana,"Rita Sewing Machines, Ludhiana",Punjab State Pollution Control Board,Industrial Area,14,30,141,NA
76,25-06-2015,Punjab,Ludhiana,"Rita Sewing Machines, Ludhiana",Punjab State Pollution Control Board,Industrial Area,13,32,109,NA
76,27-06-2015,Punjab,Ludhiana,"Rita Sewing Machines, Ludhiana",Punjab State Pollution Control Board,Industrial Area,10,23,192,NA
76,30-06-2015,Punjab,Ludhiana,"Rita Sewing Machines, Ludhiana",Punjab State Pollution Control Board,Industrial Area,16,36,134,NA
76,02-07-2015,Punjab,Ludhiana,"Rita Sewing Machines, Ludhiana",Punjab State Pollution Control Board,Industrial Area,NA,28,56,NA
76,04-07-2015,Punjab,Ludhiana,"Rita Sewing Machines, Ludhiana",Punjab State Pollution Control Board,Industrial Area,NA,25,86,NA
76,07-07-2015,Punjab,Ludhiana,"Rita Sewing Machines, Ludhiana",Punjab State Pollution Control Board,Industrial Area,NA,26,74,NA
76,16-07-2015,Punjab,Ludhiana,"Rita Sewing Machines, Ludhiana",Punjab State Pollution Control Board,Industrial Area,10,19,260,NA
76,21-07-2015,Punjab,Ludhiana,"Rita Sewing Machines, Ludhiana",Punjab State Pollution Control Board,Industrial Area,11,21,202,NA
76,23-07-2015,Punjab,Ludhiana,"Rita Sewing Machines, Ludhiana",Punjab State Pollution Control Board,Industrial Area,NA,16,95,NA
76,25-07-2015,Punjab,Ludhiana,"Rita Sewing Machines, Ludhiana",Punjab State Pollution Control Board,Industrial Area,8,16,71,NA
76,30-07-2015,Punjab,Ludhiana,"Rita Sewing Machines, Ludhiana",Punjab State Pollution Control Board,Industrial Area,10,23,129,NA
76,01-08-2015,Punjab,Ludhiana,"Rita Sewing Machines, Ludhiana",Punjab State Pollution Control Board,Industrial Area,8,25,104,NA
76,04-08-2015,Punjab,Ludhiana,"Rita Sewing Machines, Ludhiana",Punjab State Pollution Control Board,Industrial Area,9,21,38,NA
76,06-08-2015,Punjab,Ludhiana,"Rita Sewing Machines, Ludhiana",Punjab State Pollution Control Board,Industrial Area,11,24,121,NA
76,08-08-2015,Punjab,Ludhiana,"Rita Sewing Machines, Ludhiana",Punjab State Pollution Control Board,Industrial Area,9,18,73,NA
76,11-08-2015,Punjab,Ludhiana,"Rita Sewing Machines, Ludhiana",Punjab State Pollution Control Board,Industrial Area,12,28,101,NA
76,13-08-2015,Punjab,Ludhiana,"Rita Sewing Machines, Ludhiana",Punjab State Pollution Control Board,Industrial Area,14,30,70,NA
76,18-08-2015,Punjab,Ludhiana,"Rita Sewing Machines, Ludhiana",Punjab State Pollution Control Board,Industrial Area,13,29,113,NA
76,20-08-2015,Punjab,Ludhiana,"Rita Sewing Machines, Ludhiana",Punjab State Pollution Control Board,Industrial Area,12,28,86,NA
76,22-08-2015,Punjab,Ludhiana,"Rita Sewing Machines, Ludhiana",Punjab State Pollution Control Board,Industrial Area,11,27,70,NA
76,25-08-2015,Punjab,Ludhiana,"Rita Sewing Machines, Ludhiana",Punjab State Pollution Control Board,Industrial Area,10,23,128,NA
76,27-08-2015,Punjab,Ludhiana,"Rita Sewing Machines, Ludhiana",Punjab State Pollution Control Board,Industrial Area,NA,28,81,NA
76,01-09-2015,Punjab,Ludhiana,"Rita Sewing Machines, Ludhiana",Punjab State Pollution Control Board,Industrial Area,22,37,319,NA
76,03-09-2015,Punjab,Ludhiana,"Rita Sewing Machines, Ludhiana",Punjab State Pollution Control Board,Industrial Area,NA,19,67,NA
76,08-09-2015,Punjab,Ludhiana,"Rita Sewing Machines, Ludhiana",Punjab State Pollution Control Board,Industrial Area,NA,17,72,NA
76,10-09-2015,Punjab,Ludhiana,"Rita Sewing Machines, Ludhiana",Punjab State Pollution Control Board,Industrial Area,NA,18,77,NA
76,12-09-2015,Punjab,Ludhiana,"Rita Sewing Machines, Ludhiana",Punjab State Pollution Control Board,Industrial Area,NA,21,58,NA
76,15-09-2015,Punjab,Ludhiana,"Rita Sewing Machines, Ludhiana",Punjab State Pollution Control Board,Industrial Area,NA,17,57,NA
76,17-09-2015,Punjab,Ludhiana,"Rita Sewing Machines, Ludhiana",Punjab State Pollution Control Board,Industrial Area,NA,16,58,NA
76,19-09-2015,Punjab,Ludhiana,"Rita Sewing Machines, Ludhiana",Punjab State Pollution Control Board,Industrial Area,NA,15,72,NA
76,24-09-2015,Punjab,Ludhiana,"Rita Sewing Machines, Ludhiana",Punjab State Pollution Control Board,Industrial Area,NA,20,83,NA
76,26-09-2015,Punjab,Ludhiana,"Rita Sewing Machines, Ludhiana",Punjab State Pollution Control Board,Industrial Area,17,23,123,NA
76,29-09-2015,Punjab,Ludhiana,"Rita Sewing Machines, Ludhiana",Punjab State Pollution Control Board,Industrial Area,NA,32,88,NA
76,01-10-2015,Punjab,Ludhiana,"Rita Sewing Machines, Ludhiana",Punjab State Pollution Control Board,Industrial Area,21,27,175,NA
76,03-10-2015,Punjab,Ludhiana,"Rita Sewing Machines, Ludhiana",Punjab State Pollution Control Board,Industrial Area,19,26,191,NA
76,06-10-2015,Punjab,Ludhiana,"Rita Sewing Machines, Ludhiana",Punjab State Pollution Control Board,Industrial Area,20,32,212,NA
76,08-10-2015,Punjab,Ludhiana,"Rita Sewing Machines, Ludhiana",Punjab State Pollution Control Board,Industrial Area,20,32,233,NA
76,10-10-2015,Punjab,Ludhiana,"Rita Sewing Machines, Ludhiana",Punjab State Pollution Control Board,Industrial Area,19,33,237,NA
76,20-10-2015,Punjab,Ludhiana,"Rita Sewing Machines, Ludhiana",Punjab State Pollution Control Board,Industrial Area,19,30,279,NA
76,24-10-2015,Punjab,Ludhiana,"Rita Sewing Machines, Ludhiana",Punjab State Pollution Control Board,Industrial Area,20,32,281,NA
76,31-10-2015,Punjab,Ludhiana,"Rita Sewing Machines, Ludhiana",Punjab State Pollution Control Board,Industrial Area,18,29,212,NA
76,03-11-2015,Punjab,Ludhiana,"Rita Sewing Machines, Ludhiana",Punjab State Pollution Control Board,Industrial Area,22,32,163,NA
76,07-11-2015,Punjab,Ludhiana,"Rita Sewing Machines, Ludhiana",Punjab State Pollution Control Board,Industrial Area,21,32,160,NA
76,10-11-2015,Punjab,Ludhiana,"Rita Sewing Machines, Ludhiana",Punjab State Pollution Control Board,Industrial Area,25,35,175,NA
76,15-11-2015,Punjab,Ludhiana,"Rita Sewing Machines, Ludhiana",Punjab State Pollution Control Board,Industrial Area,25,33,171,NA
76,02-12-2015,Punjab,Ludhiana,"Rita Sewing Machines, Ludhiana",Punjab State Pollution Control Board,Industrial Area,22,33,258,NA
76,03-12-2015,Punjab,Ludhiana,"Rita Sewing Machines, Ludhiana",Punjab State Pollution Control Board,Industrial Area,23,34,182,NA
76,04-12-2015,Punjab,Ludhiana,"Rita Sewing Machines, Ludhiana",Punjab State Pollution Control Board,Industrial Area,21,31,194,NA
76,05-12-2015,Punjab,Ludhiana,"Rita Sewing Machines, Ludhiana",Punjab State Pollution Control Board,Industrial Area,19,32,192,NA
76,07-12-2015,Punjab,Ludhiana,"Rita Sewing Machines, Ludhiana",Punjab State Pollution Control Board,Industrial Area,19,32,206,NA
76,08-12-2015,Punjab,Ludhiana,"Rita Sewing Machines, Ludhiana",Punjab State Pollution Control Board,Industrial Area,21,33,199,NA
76,09-12-2015,Punjab,Ludhiana,"Rita Sewing Machines, Ludhiana",Punjab State Pollution Control Board,Industrial Area,21,32,201,NA
76,10-12-2015,Punjab,Ludhiana,"Rita Sewing Machines, Ludhiana",Punjab State Pollution Control Board,Industrial Area,20,32,185,NA
76,15-12-2015,Punjab,Ludhiana,"Rita Sewing Machines, Ludhiana",Punjab State Pollution Control Board,Industrial Area,20,33,192,NA
76,17-12-2015,Punjab,Ludhiana,"Rita Sewing Machines, Ludhiana",Punjab State Pollution Control Board,Industrial Area,19,33,185,NA
76,19-12-2015,Punjab,Ludhiana,"Rita Sewing Machines, Ludhiana",Punjab State Pollution Control Board,Industrial Area,20,30,200,NA
76,22-12-2015,Punjab,Ludhiana,"Rita Sewing Machines, Ludhiana",Punjab State Pollution Control Board,Industrial Area,19,32,180,NA
76,26-12-2015,Punjab,Ludhiana,"Rita Sewing Machines, Ludhiana",Punjab State Pollution Control Board,Industrial Area,18,32,183,NA
176,02-01-2015,Punjab,Jalandhar,"Regional Office, Jalandhar",Punjab State Pollution Control Board,"Residential, Rural and other Areas",14,24,135,NA
176,05-01-2015,Punjab,Jalandhar,"Regional Office, Jalandhar",Punjab State Pollution Control Board,"Residential, Rural and other Areas",14,25,146,NA
176,07-01-2015,Punjab,Jalandhar,"Regional Office, Jalandhar",Punjab State Pollution Control Board,"Residential, Rural and other Areas",14,25,148,NA
176,09-01-2015,Punjab,Jalandhar,"Regional Office, Jalandhar",Punjab State Pollution Control Board,"Residential, Rural and other Areas",15,26,144,NA
176,12-01-2015,Punjab,Jalandhar,"Regional Office, Jalandhar",Punjab State Pollution Control Board,"Residential, Rural and other Areas",14,25,136,NA
176,14-01-2015,Punjab,Jalandhar,"Regional Office, Jalandhar",Punjab State Pollution Control Board,"Residential, Rural and other Areas",13,25,134,NA
176,16-01-2015,Punjab,Jalandhar,"Regional Office, Jalandhar",Punjab State Pollution Control Board,"Residential, Rural and other Areas",14,25,140,NA
176,19-01-2015,Punjab,Jalandhar,"Regional Office, Jalandhar",Punjab State Pollution Control Board,"Residential, Rural and other Areas",15,26,150,NA
176,23-01-2015,Punjab,Jalandhar,"Regional Office, Jalandhar",Punjab State Pollution Control Board,"Residential, Rural and other Areas",15,26,143,NA
176,28-01-2015,Punjab,Jalandhar,"Regional Office, Jalandhar",Punjab State Pollution Control Board,"Residential, Rural and other Areas",14,26,143,NA
176,17-04-2015,Punjab,Jalandhar,"Regional Office, Jalandhar",Punjab State Pollution Control Board,"Residential, Rural and other Areas",13,25,136,NA
176,20-04-2015,Punjab,Jalandhar,"Regional Office, Jalandhar",Punjab State Pollution Control Board,"Residential, Rural and other Areas",NA,25,140,NA
176,22-04-2015,Punjab,Jalandhar,"Regional Office, Jalandhar",Punjab State Pollution Control Board,"Residential, Rural and other Areas",14,26,138,NA
176,24-04-2015,Punjab,Jalandhar,"Regional Office, Jalandhar",Punjab State Pollution Control Board,"Residential, Rural and other Areas",14,27,142,NA
176,27-04-2015,Punjab,Jalandhar,"Regional Office, Jalandhar",Punjab State Pollution Control Board,"Residential, Rural and other Areas",15,29,145,NA
176,29-04-2015,Punjab,Jalandhar,"Regional Office, Jalandhar",Punjab State Pollution Control Board,"Residential, Rural and other Areas",15,28,152,NA
176,04-05-2015,Punjab,Jalandhar,"Regional Office, Jalandhar",Punjab State Pollution Control Board,"Residential, Rural and other Areas",13,26,149,NA
176,06-05-2015,Punjab,Jalandhar,"Regional Office, Jalandhar",Punjab State Pollution Control Board,"Residential, Rural and other Areas",14,25,145,NA
176,08-05-2015,Punjab,Jalandhar,"Regional Office, Jalandhar",Punjab State Pollution Control Board,"Residential, Rural and other Areas",13,26,153,NA
176,12-05-2015,Punjab,Jalandhar,"Regional Office, Jalandhar",Punjab State Pollution Control Board,"Residential, Rural and other Areas",13,28,158,NA
176,16-05-2015,Punjab,Jalandhar,"Regional Office, Jalandhar",Punjab State Pollution Control Board,"Residential, Rural and other Areas",14,27,163,NA
176,23-05-2015,Punjab,Jalandhar,"Regional Office, Jalandhar",Punjab State Pollution Control Board,"Residential, Rural and other Areas",13,25,152,NA
176,06-06-2015,Punjab,Jalandhar,"Regional Office, Jalandhar",Punjab State Pollution Control Board,"Residential, Rural and other Areas",13,26,151,NA
176,11-06-2015,Punjab,Jalandhar,"Regional Office, Jalandhar",Punjab State Pollution Control Board,"Residential, Rural and other Areas",13,24,142,NA
176,13-06-2015,Punjab,Jalandhar,"Regional Office, Jalandhar",Punjab State Pollution Control Board,"Residential, Rural and other Areas",14,24,138,NA
176,16-06-2015,Punjab,Jalandhar,"Regional Office, Jalandhar",Punjab State Pollution Control Board,"Residential, Rural and other Areas",13,24,132,NA
176,20-06-2015,Punjab,Jalandhar,"Regional Office, Jalandhar",Punjab State Pollution Control Board,"Residential, Rural and other Areas",13,23,129,NA
176,30-07-2015,Punjab,Jalandhar,"Regional Office, Jalandhar",Punjab State Pollution Control Board,"Residential, Rural and other Areas",12,24,121,NA
176,01-08-2015,Punjab,Jalandhar,"Regional Office, Jalandhar",Punjab State Pollution Control Board,"Residential, Rural and other Areas",11,23,130,NA
176,04-08-2015,Punjab,Jalandhar,"Regional Office, Jalandhar",Punjab State Pollution Control Board,"Residential, Rural and other Areas",12,25,141,NA
176,06-08-2015,Punjab,Jalandhar,"Regional Office, Jalandhar",Punjab State Pollution Control Board,"Residential, Rural and other Areas",12,25,78,NA
176,13-08-2015,Punjab,Jalandhar,"Regional Office, Jalandhar",Punjab State Pollution Control Board,"Residential, Rural and other Areas",12,24,164,NA
301,05-01-2015,Punjab,Gobindgarh,"M/s Raj Steel Rolling Mills, Mandi Gobindgarh",Punjab State Pollution Control Board,Industrial Area,7,29,125,NA
301,07-01-2015,Punjab,Gobindgarh,"M/s Raj Steel Rolling Mills, Mandi Gobindgarh",Punjab State Pollution Control Board,Industrial Area,6,27,134,NA
301,09-01-2015,Punjab,Gobindgarh,"M/s Raj Steel Rolling Mills, Mandi Gobindgarh",Punjab State Pollution Control Board,Industrial Area,6,32,144,NA
301,12-01-2015,Punjab,Gobindgarh,"M/s Raj Steel Rolling Mills, Mandi Gobindgarh",Punjab State Pollution Control Board,Industrial Area,5,37,142,NA
301,14-01-2015,Punjab,Gobindgarh,"M/s Raj Steel Rolling Mills, Mandi Gobindgarh",Punjab State Pollution Control Board,Industrial Area,6,31,94,NA
301,16-01-2015,Punjab,Gobindgarh,"M/s Raj Steel Rolling Mills, Mandi Gobindgarh",Punjab State Pollution Control Board,Industrial Area,6,38,130,NA
301,19-01-2015,Punjab,Gobindgarh,"M/s Raj Steel Rolling Mills, Mandi Gobindgarh",Punjab State Pollution Control Board,Industrial Area,6,42,127,NA
301,21-01-2015,Punjab,Gobindgarh,"M/s Raj Steel Rolling Mills, Mandi Gobindgarh",Punjab State Pollution Control Board,Industrial Area,6,26,173,NA
301,23-01-2015,Punjab,Gobindgarh,"M/s Raj Steel Rolling Mills, Mandi Gobindgarh",Punjab State Pollution Control Board,Industrial Area,6,37,160,NA
301,28-01-2015,Punjab,Gobindgarh,"M/s Raj Steel Rolling Mills, Mandi Gobindgarh",Punjab State Pollution Control Board,Industrial Area,6,31,151,NA
301,30-01-2015,Punjab,Gobindgarh,"M/s Raj Steel Rolling Mills, Mandi Gobindgarh",Punjab State Pollution Control Board,Industrial Area,6,37,189,NA
301,02-02-2015,Punjab,Gobindgarh,"M/s Raj Steel Rolling Mills, Mandi Gobindgarh",Punjab State Pollution Control Board,Industrial Area,6,39,198,NA
301,04-02-2015,Punjab,Gobindgarh,"M/s Raj Steel Rolling Mills, Mandi Gobindgarh",Punjab State Pollution Control Board,Industrial Area,6,32,187,NA
301,06-02-2015,Punjab,Gobindgarh,"M/s Raj Steel Rolling Mills, Mandi Gobindgarh",Punjab State Pollution Control Board,Industrial Area,6,40,167,NA
301,09-02-2015,Punjab,Gobindgarh,"M/s Raj Steel Rolling Mills, Mandi Gobindgarh",Punjab State Pollution Control Board,Industrial Area,7,35,205,NA
301,11-02-2015,Punjab,Gobindgarh,"M/s Raj Steel Rolling Mills, Mandi Gobindgarh",Punjab State Pollution Control Board,Industrial Area,6,30,123,NA
301,13-02-2015,Punjab,Gobindgarh,"M/s Raj Steel Rolling Mills, Mandi Gobindgarh",Punjab State Pollution Control Board,Industrial Area,7,34,136,NA
301,16-02-2015,Punjab,Gobindgarh,"M/s Raj Steel Rolling Mills, Mandi Gobindgarh",Punjab State Pollution Control Board,Industrial Area,6,30,116,NA
301,18-02-2015,Punjab,Gobindgarh,"M/s Raj Steel Rolling Mills, Mandi Gobindgarh",Punjab State Pollution Control Board,Industrial Area,6,35,116,NA
301,20-02-2015,Punjab,Gobindgarh,"M/s Raj Steel Rolling Mills, Mandi Gobindgarh",Punjab State Pollution Control Board,Industrial Area,6,41,114,NA
301,22-02-2015,Punjab,Gobindgarh,"M/s Raj Steel Rolling Mills, Mandi Gobindgarh",Punjab State Pollution Control Board,Industrial Area,6,34,111,NA
301,27-02-2015,Punjab,Gobindgarh,"M/s Raj Steel Rolling Mills, Mandi Gobindgarh",Punjab State Pollution Control Board,Industrial Area,6,38,115,NA
301,04-03-2015,Punjab,Gobindgarh,"M/s Raj Steel Rolling Mills, Mandi Gobindgarh",Punjab State Pollution Control Board,Industrial Area,6,33,123,NA
301,09-03-2015,Punjab,Gobindgarh,"M/s Raj Steel Rolling Mills, Mandi Gobindgarh",Punjab State Pollution Control Board,Industrial Area,6,32,122,NA
301,11-03-2015,Punjab,Gobindgarh,"M/s Raj Steel Rolling Mills, Mandi Gobindgarh",Punjab State Pollution Control Board,Industrial Area,6,37,137,NA
301,13-03-2015,Punjab,Gobindgarh,"M/s Raj Steel Rolling Mills, Mandi Gobindgarh",Punjab State Pollution Control Board,Industrial Area,5,34,126,NA
301,16-03-2015,Punjab,Gobindgarh,"M/s Raj Steel Rolling Mills, Mandi Gobindgarh",Punjab State Pollution Control Board,Industrial Area,6,36,125,NA
301,18-03-2015,Punjab,Gobindgarh,"M/s Raj Steel Rolling Mills, Mandi Gobindgarh",Punjab State Pollution Control Board,Industrial Area,5,36,122,NA
301,20-03-2015,Punjab,Gobindgarh,"M/s Raj Steel Rolling Mills, Mandi Gobindgarh",Punjab State Pollution Control Board,Industrial Area,6,41,105,NA
301,25-03-2015,Punjab,Gobindgarh,"M/s Raj Steel Rolling Mills, Mandi Gobindgarh",Punjab State Pollution Control Board,Industrial Area,5,32,118,NA
301,27-03-2015,Punjab,Gobindgarh,"M/s Raj Steel Rolling Mills, Mandi Gobindgarh",Punjab State Pollution Control Board,Industrial Area,6,35,129,NA
301,31-03-2015,Punjab,Gobindgarh,"M/s Raj Steel Rolling Mills, Mandi Gobindgarh",Punjab State Pollution Control Board,Industrial Area,6,38,142,NA
301,01-04-2015,Punjab,Gobindgarh,"M/s Raj Steel Rolling Mills, Mandi Gobindgarh",Punjab State Pollution Control Board,Industrial Area,6,38,153,NA
301,06-04-2015,Punjab,Gobindgarh,"M/s Raj Steel Rolling Mills, Mandi Gobindgarh",Punjab State Pollution Control Board,Industrial Area,6,37,149,NA
301,08-04-2015,Punjab,Gobindgarh,"M/s Raj Steel Rolling Mills, Mandi Gobindgarh",Punjab State Pollution Control Board,Industrial Area,6,33,131,NA
301,09-04-2015,Punjab,Gobindgarh,"M/s Raj Steel Rolling Mills, Mandi Gobindgarh",Punjab State Pollution Control Board,Industrial Area,6,31,116,NA
301,13-04-2015,Punjab,Gobindgarh,"M/s Raj Steel Rolling Mills, Mandi Gobindgarh",Punjab State Pollution Control Board,Industrial Area,6,38,124,NA
301,15-04-2015,Punjab,Gobindgarh,"M/s Raj Steel Rolling Mills, Mandi Gobindgarh",Punjab State Pollution Control Board,Industrial Area,7,34,140,NA
301,17-04-2015,Punjab,Gobindgarh,"M/s Raj Steel Rolling Mills, Mandi Gobindgarh",Punjab State Pollution Control Board,Industrial Area,6,38,113,NA
301,20-04-2015,Punjab,Gobindgarh,"M/s Raj Steel Rolling Mills, Mandi Gobindgarh",Punjab State Pollution Control Board,Industrial Area,6,39,136,NA
301,22-04-2015,Punjab,Gobindgarh,"M/s Raj Steel Rolling Mills, Mandi Gobindgarh",Punjab State Pollution Control Board,Industrial Area,6,34,132,NA
301,24-04-2015,Punjab,Gobindgarh,"M/s Raj Steel Rolling Mills, Mandi Gobindgarh",Punjab State Pollution Control Board,Industrial Area,6,40,132,NA
301,27-04-2015,Punjab,Gobindgarh,"M/s Raj Steel Rolling Mills, Mandi Gobindgarh",Punjab State Pollution Control Board,Industrial Area,6,34,129,NA
301,29-04-2015,Punjab,Gobindgarh,"M/s Raj Steel Rolling Mills, Mandi Gobindgarh",Punjab State Pollution Control Board,Industrial Area,7,36,133,NA
301,04-05-2015,Punjab,Gobindgarh,"M/s Raj Steel Rolling Mills, Mandi Gobindgarh",Punjab State Pollution Control Board,Industrial Area,6,30,121,NA
301,06-05-2015,Punjab,Gobindgarh,"M/s Raj Steel Rolling Mills, Mandi Gobindgarh",Punjab State Pollution Control Board,Industrial Area,6,39,125,NA
301,08-05-2015,Punjab,Gobindgarh,"M/s Raj Steel Rolling Mills, Mandi Gobindgarh",Punjab State Pollution Control Board,Industrial Area,6,38,115,NA
301,11-05-2015,Punjab,Gobindgarh,"M/s Raj Steel Rolling Mills, Mandi Gobindgarh",Punjab State Pollution Control Board,Industrial Area,6,30,117,NA
301,13-05-2015,Punjab,Gobindgarh,"M/s Raj Steel Rolling Mills, Mandi Gobindgarh",Punjab State Pollution Control Board,Industrial Area,6,31,128,NA
301,15-05-2015,Punjab,Gobindgarh,"M/s Raj Steel Rolling Mills, Mandi Gobindgarh",Punjab State Pollution Control Board,Industrial Area,5,37,109,NA
301,18-05-2015,Punjab,Gobindgarh,"M/s Raj Steel Rolling Mills, Mandi Gobindgarh",Punjab State Pollution Control Board,Industrial Area,6,34,105,NA
301,20-05-2015,Punjab,Gobindgarh,"M/s Raj Steel Rolling Mills, Mandi Gobindgarh",Punjab State Pollution Control Board,Industrial Area,5,37,108,NA
301,25-05-2015,Punjab,Gobindgarh,"M/s Raj Steel Rolling Mills, Mandi Gobindgarh",Punjab State Pollution Control Board,Industrial Area,6,38,102,NA
301,27-05-2015,Punjab,Gobindgarh,"M/s Raj Steel Rolling Mills, Mandi Gobindgarh",Punjab State Pollution Control Board,Industrial Area,6,36,112,NA
301,29-05-2015,Punjab,Gobindgarh,"M/s Raj Steel Rolling Mills, Mandi Gobindgarh",Punjab State Pollution Control Board,Industrial Area,6,36,144,NA
301,01-06-2015,Punjab,Gobindgarh,"M/s Raj Steel Rolling Mills, Mandi Gobindgarh",Punjab State Pollution Control Board,Industrial Area,6,34,129,NA
301,03-06-2015,Punjab,Gobindgarh,"M/s Raj Steel Rolling Mills, Mandi Gobindgarh",Punjab State Pollution Control Board,Industrial Area,6,31,109,NA
301,05-06-2015,Punjab,Gobindgarh,"M/s Raj Steel Rolling Mills, Mandi Gobindgarh",Punjab State Pollution Control Board,Industrial Area,6,35,105,NA
301,08-06-2015,Punjab,Gobindgarh,"M/s Raj Steel Rolling Mills, Mandi Gobindgarh",Punjab State Pollution Control Board,Industrial Area,6,39,117,NA
301,10-06-2015,Punjab,Gobindgarh,"M/s Raj Steel Rolling Mills, Mandi Gobindgarh",Punjab State Pollution Control Board,Industrial Area,6,32,126,NA
301,12-06-2015,Punjab,Gobindgarh,"M/s Raj Steel Rolling Mills, Mandi Gobindgarh",Punjab State Pollution Control Board,Industrial Area,6,39,103,NA
301,15-06-2015,Punjab,Gobindgarh,"M/s Raj Steel Rolling Mills, Mandi Gobindgarh",Punjab State Pollution Control Board,Industrial Area,6,38,85,NA
301,17-06-2015,Punjab,Gobindgarh,"M/s Raj Steel Rolling Mills, Mandi Gobindgarh",Punjab State Pollution Control Board,Industrial Area,7,36,100,NA
301,22-06-2015,Punjab,Gobindgarh,"M/s Raj Steel Rolling Mills, Mandi Gobindgarh",Punjab State Pollution Control Board,Industrial Area,6,39,117,NA
301,24-06-2015,Punjab,Gobindgarh,"M/s Raj Steel Rolling Mills, Mandi Gobindgarh",Punjab State Pollution Control Board,Industrial Area,6,35,122,NA
301,26-06-2015,Punjab,Gobindgarh,"M/s Raj Steel Rolling Mills, Mandi Gobindgarh",Punjab State Pollution Control Board,Industrial Area,6,33,101,NA
301,29-06-2015,Punjab,Gobindgarh,"M/s Raj Steel Rolling Mills, Mandi Gobindgarh",Punjab State Pollution Control Board,Industrial Area,6,26,90,NA
301,01-07-2015,Punjab,Gobindgarh,"M/s Raj Steel Rolling Mills, Mandi Gobindgarh",Punjab State Pollution Control Board,Industrial Area,6,41,97,NA
301,04-07-2015,Punjab,Gobindgarh,"M/s Raj Steel Rolling Mills, Mandi Gobindgarh",Punjab State Pollution Control Board,Industrial Area,6,32,89,NA
301,06-07-2015,Punjab,Gobindgarh,"M/s Raj Steel Rolling Mills, Mandi Gobindgarh",Punjab State Pollution Control Board,Industrial Area,6,32,93,NA
301,08-07-2015,Punjab,Gobindgarh,"M/s Raj Steel Rolling Mills, Mandi Gobindgarh",Punjab State Pollution Control Board,Industrial Area,7,37,101,NA
301,13-07-2015,Punjab,Gobindgarh,"M/s Raj Steel Rolling Mills, Mandi Gobindgarh",Punjab State Pollution Control Board,Industrial Area,7,34,82,NA
301,15-07-2015,Punjab,Gobindgarh,"M/s Raj Steel Rolling Mills, Mandi Gobindgarh",Punjab State Pollution Control Board,Industrial Area,6,35,97,NA
301,17-07-2015,Punjab,Gobindgarh,"M/s Raj Steel Rolling Mills, Mandi Gobindgarh",Punjab State Pollution Control Board,Industrial Area,6,41,88,NA
301,20-07-2015,Punjab,Gobindgarh,"M/s Raj Steel Rolling Mills, Mandi Gobindgarh",Punjab State Pollution Control Board,Industrial Area,7,45,114,NA
301,22-07-2015,Punjab,Gobindgarh,"M/s Raj Steel Rolling Mills, Mandi Gobindgarh",Punjab State Pollution Control Board,Industrial Area,7,34,107,NA
301,24-07-2015,Punjab,Gobindgarh,"M/s Raj Steel Rolling Mills, Mandi Gobindgarh",Punjab State Pollution Control Board,Industrial Area,6,43,115,NA
301,27-07-2015,Punjab,Gobindgarh,"M/s Raj Steel Rolling Mills, Mandi Gobindgarh",Punjab State Pollution Control Board,Industrial Area,7,37,94,NA
301,29-07-2015,Punjab,Gobindgarh,"M/s Raj Steel Rolling Mills, Mandi Gobindgarh",Punjab State Pollution Control Board,Industrial Area,6,34,100,NA
301,03-08-2015,Punjab,Gobindgarh,"M/s Raj Steel Rolling Mills, Mandi Gobindgarh",Punjab State Pollution Control Board,Industrial Area,5,26,98,NA
301,05-08-2015,Punjab,Gobindgarh,"M/s Raj Steel Rolling Mills, Mandi Gobindgarh",Punjab State Pollution Control Board,Industrial Area,5,28,95,NA
301,07-08-2015,Punjab,Gobindgarh,"M/s Raj Steel Rolling Mills, Mandi Gobindgarh",Punjab State Pollution Control Board,Industrial Area,6,29,100,NA
301,10-08-2015,Punjab,Gobindgarh,"M/s Raj Steel Rolling Mills, Mandi Gobindgarh",Punjab State Pollution Control Board,Industrial Area,6,26,99,NA
301,12-08-2015,Punjab,Gobindgarh,"M/s Raj Steel Rolling Mills, Mandi Gobindgarh",Punjab State Pollution Control Board,Industrial Area,5,33,90,NA
301,14-08-2015,Punjab,Gobindgarh,"M/s Raj Steel Rolling Mills, Mandi Gobindgarh",Punjab State Pollution Control Board,Industrial Area,6,35,95,NA
301,17-08-2015,Punjab,Gobindgarh,"M/s Raj Steel Rolling Mills, Mandi Gobindgarh",Punjab State Pollution Control Board,Industrial Area,6,30,96,NA
301,19-08-2015,Punjab,Gobindgarh,"M/s Raj Steel Rolling Mills, Mandi Gobindgarh",Punjab State Pollution Control Board,Industrial Area,5,33,101,NA
301,21-08-2015,Punjab,Gobindgarh,"M/s Raj Steel Rolling Mills, Mandi Gobindgarh",Punjab State Pollution Control Board,Industrial Area,6,29,102,NA
301,24-08-2015,Punjab,Gobindgarh,"M/s Raj Steel Rolling Mills, Mandi Gobindgarh",Punjab State Pollution Control Board,Industrial Area,5,29,93,NA
301,26-08-2015,Punjab,Gobindgarh,"M/s Raj Steel Rolling Mills, Mandi Gobindgarh",Punjab State Pollution Control Board,Industrial Area,6,39,73,NA
301,28-08-2015,Punjab,Gobindgarh,"M/s Raj Steel Rolling Mills, Mandi Gobindgarh",Punjab State Pollution Control Board,Industrial Area,5,34,93,NA
301,30-08-2015,Punjab,Gobindgarh,"M/s Raj Steel Rolling Mills, Mandi Gobindgarh",Punjab State Pollution Control Board,Industrial Area,5,32,117,NA
301,02-09-2015,Punjab,Gobindgarh,"M/s Raj Steel Rolling Mills, Mandi Gobindgarh",Punjab State Pollution Control Board,Industrial Area,6,36,116,NA
301,04-09-2015,Punjab,Gobindgarh,"M/s Raj Steel Rolling Mills, Mandi Gobindgarh",Punjab State Pollution Control Board,Industrial Area,6,31,113,NA
301,07-09-2015,Punjab,Gobindgarh,"M/s Raj Steel Rolling Mills, Mandi Gobindgarh",Punjab State Pollution Control Board,Industrial Area,6,31,95,NA
301,09-09-2015,Punjab,Gobindgarh,"M/s Raj Steel Rolling Mills, Mandi Gobindgarh",Punjab State Pollution Control Board,Industrial Area,5,36,88,NA
301,11-09-2015,Punjab,Gobindgarh,"M/s Raj Steel Rolling Mills, Mandi Gobindgarh",Punjab State Pollution Control Board,Industrial Area,5,39,127,NA
301,16-09-2015,Punjab,Gobindgarh,"M/s Raj Steel Rolling Mills, Mandi Gobindgarh",Punjab State Pollution Control Board,Industrial Area,6,33,133,NA
301,18-09-2015,Punjab,Gobindgarh,"M/s Raj Steel Rolling Mills, Mandi Gobindgarh",Punjab State Pollution Control Board,Industrial Area,6,30,97,NA
301,21-09-2015,Punjab,Gobindgarh,"M/s Raj Steel Rolling Mills, Mandi Gobindgarh",Punjab State Pollution Control Board,Industrial Area,5,26,101,NA
301,23-09-2015,Punjab,Gobindgarh,"M/s Raj Steel Rolling Mills, Mandi Gobindgarh",Punjab State Pollution Control Board,Industrial Area,6,30,100,NA
301,30-09-2015,Punjab,Gobindgarh,"M/s Raj Steel Rolling Mills, Mandi Gobindgarh",Punjab State Pollution Control Board,Industrial Area,6,35,88,NA
301,05-10-2015,Punjab,Gobindgarh,"M/s Raj Steel Rolling Mills, Mandi Gobindgarh",Punjab State Pollution Control Board,Industrial Area,6,34,107,NA
301,07-10-2015,Punjab,Gobindgarh,"M/s Raj Steel Rolling Mills, Mandi Gobindgarh",Punjab State Pollution Control Board,Industrial Area,7,39,121,NA
301,09-10-2015,Punjab,Gobindgarh,"M/s Raj Steel Rolling Mills, Mandi Gobindgarh",Punjab State Pollution Control Board,Industrial Area,6,27,137,NA
301,12-10-2015,Punjab,Gobindgarh,"M/s Raj Steel Rolling Mills, Mandi Gobindgarh",Punjab State Pollution Control Board,Industrial Area,6,36,125,NA
301,14-10-2015,Punjab,Gobindgarh,"M/s Raj Steel Rolling Mills, Mandi Gobindgarh",Punjab State Pollution Control Board,Industrial Area,7,39,125,NA
301,16-10-2015,Punjab,Gobindgarh,"M/s Raj Steel Rolling Mills, Mandi Gobindgarh",Punjab State Pollution Control Board,Industrial Area,6,36,96,NA
301,19-10-2015,Punjab,Gobindgarh,"M/s Raj Steel Rolling Mills, Mandi Gobindgarh",Punjab State Pollution Control Board,Industrial Area,6,35,89,NA
301,21-10-2015,Punjab,Gobindgarh,"M/s Raj Steel Rolling Mills, Mandi Gobindgarh",Punjab State Pollution Control Board,Industrial Area,5,39,101,NA
301,23-10-2015,Punjab,Gobindgarh,"M/s Raj Steel Rolling Mills, Mandi Gobindgarh",Punjab State Pollution Control Board,Industrial Area,5,36,112,NA
301,26-10-2015,Punjab,Gobindgarh,"M/s Raj Steel Rolling Mills, Mandi Gobindgarh",Punjab State Pollution Control Board,Industrial Area,5,35,112,NA
301,28-10-2015,Punjab,Gobindgarh,"M/s Raj Steel Rolling Mills, Mandi Gobindgarh",Punjab State Pollution Control Board,Industrial Area,6,35,113,NA
301,30-10-2015,Punjab,Gobindgarh,"M/s Raj Steel Rolling Mills, Mandi Gobindgarh",Punjab State Pollution Control Board,Industrial Area,5,37,109,NA
301,02-11-2015,Punjab,Gobindgarh,"M/s Raj Steel Rolling Mills, Mandi Gobindgarh",Punjab State Pollution Control Board,Industrial Area,7,41,150,NA
301,09-11-2015,Punjab,Gobindgarh,"M/s Raj Steel Rolling Mills, Mandi Gobindgarh",Punjab State Pollution Control Board,Industrial Area,6,38,124,NA
301,13-11-2015,Punjab,Gobindgarh,"M/s Raj Steel Rolling Mills, Mandi Gobindgarh",Punjab State Pollution Control Board,Industrial Area,6,37,110,NA
301,18-11-2015,Punjab,Gobindgarh,"M/s Raj Steel Rolling Mills, Mandi Gobindgarh",Punjab State Pollution Control Board,Industrial Area,6,34,133,NA
301,20-11-2015,Punjab,Gobindgarh,"M/s Raj Steel Rolling Mills, Mandi Gobindgarh",Punjab State Pollution Control Board,Industrial Area,6,42,107,NA
301,23-11-2015,Punjab,Gobindgarh,"M/s Raj Steel Rolling Mills, Mandi Gobindgarh",Punjab State Pollution Control Board,Industrial Area,7,42,109,NA
301,27-11-2015,Punjab,Gobindgarh,"M/s Raj Steel Rolling Mills, Mandi Gobindgarh",Punjab State Pollution Control Board,Industrial Area,5,37,116,NA
301,30-11-2015,Punjab,Gobindgarh,"M/s Raj Steel Rolling Mills, Mandi Gobindgarh",Punjab State Pollution Control Board,Industrial Area,6,34,108,NA
301,02-12-2015,Punjab,Gobindgarh,"M/s Raj Steel Rolling Mills, Mandi Gobindgarh",Punjab State Pollution Control Board,Industrial Area,6,33,113,NA
301,04-12-2015,Punjab,Gobindgarh,"M/s Raj Steel Rolling Mills, Mandi Gobindgarh",Punjab State Pollution Control Board,Industrial Area,7,31,125,NA
301,07-12-2015,Punjab,Gobindgarh,"M/s Raj Steel Rolling Mills, Mandi Gobindgarh",Punjab State Pollution Control Board,Industrial Area,6,33,135,NA
301,09-12-2015,Punjab,Gobindgarh,"M/s Raj Steel Rolling Mills, Mandi Gobindgarh",Punjab State Pollution Control Board,Industrial Area,6,31,137,NA
301,11-12-2015,Punjab,Gobindgarh,"M/s Raj Steel Rolling Mills, Mandi Gobindgarh",Punjab State Pollution Control Board,Industrial Area,7,33,126,NA
301,14-12-2015,Punjab,Gobindgarh,"M/s Raj Steel Rolling Mills, Mandi Gobindgarh",Punjab State Pollution Control Board,Industrial Area,7,27,125,NA
301,18-12-2015,Punjab,Gobindgarh,"M/s Raj Steel Rolling Mills, Mandi Gobindgarh",Punjab State Pollution Control Board,Industrial Area,7,27,118,NA
301,23-12-2015,Punjab,Gobindgarh,"M/s Raj Steel Rolling Mills, Mandi Gobindgarh",Punjab State Pollution Control Board,Industrial Area,7,37,133,NA
301,30-12-2015,Punjab,Gobindgarh,"M/s Raj Steel Rolling Mills, Mandi Gobindgarh",Punjab State Pollution Control Board,Industrial Area,6,31,135,NA
302,01-01-2015,Punjab,Gobindgarh,"M/s Modi Oil and General Mills, Mandi Gobindgarh",Punjab State Pollution Control Board,"Residential, Rural and other Areas",8,35,134,NA
302,06-01-2015,Punjab,Gobindgarh,"M/s Modi Oil and General Mills, Mandi Gobindgarh",Punjab State Pollution Control Board,"Residential, Rural and other Areas",8,42,143,NA
302,08-01-2015,Punjab,Gobindgarh,"M/s Modi Oil and General Mills, Mandi Gobindgarh",Punjab State Pollution Control Board,"Residential, Rural and other Areas",8,33,120,NA
302,10-01-2015,Punjab,Gobindgarh,"M/s Modi Oil and General Mills, Mandi Gobindgarh",Punjab State Pollution Control Board,"Residential, Rural and other Areas",8,35,173,NA
302,13-01-2015,Punjab,Gobindgarh,"M/s Modi Oil and General Mills, Mandi Gobindgarh",Punjab State Pollution Control Board,"Residential, Rural and other Areas",8,36,158,NA
302,15-01-2015,Punjab,Gobindgarh,"M/s Modi Oil and General Mills, Mandi Gobindgarh",Punjab State Pollution Control Board,"Residential, Rural and other Areas",8,30,165,NA
302,17-01-2015,Punjab,Gobindgarh,"M/s Modi Oil and General Mills, Mandi Gobindgarh",Punjab State Pollution Control Board,"Residential, Rural and other Areas",8,33,155,NA
302,20-01-2015,Punjab,Gobindgarh,"M/s Modi Oil and General Mills, Mandi Gobindgarh",Punjab State Pollution Control Board,"Residential, Rural and other Areas",7,33,135,NA
302,22-01-2015,Punjab,Gobindgarh,"M/s Modi Oil and General Mills, Mandi Gobindgarh",Punjab State Pollution Control Board,"Residential, Rural and other Areas",7,28,160,NA
302,27-01-2015,Punjab,Gobindgarh,"M/s Modi Oil and General Mills, Mandi Gobindgarh",Punjab State Pollution Control Board,"Residential, Rural and other Areas",7,31,149,NA
302,29-01-2015,Punjab,Gobindgarh,"M/s Modi Oil and General Mills, Mandi Gobindgarh",Punjab State Pollution Control Board,"Residential, Rural and other Areas",7,40,127,NA
302,31-01-2015,Punjab,Gobindgarh,"M/s Modi Oil and General Mills, Mandi Gobindgarh",Punjab State Pollution Control Board,"Residential, Rural and other Areas",8,37,138,NA
302,05-02-2015,Punjab,Gobindgarh,"M/s Modi Oil and General Mills, Mandi Gobindgarh",Punjab State Pollution Control Board,"Residential, Rural and other Areas",6,37,149,NA
302,07-02-2015,Punjab,Gobindgarh,"M/s Modi Oil and General Mills, Mandi Gobindgarh",Punjab State Pollution Control Board,"Residential, Rural and other Areas",6,39,171,NA
302,10-02-2015,Punjab,Gobindgarh,"M/s Modi Oil and General Mills, Mandi Gobindgarh",Punjab State Pollution Control Board,"Residential, Rural and other Areas",7,35,181,NA
302,12-02-2015,Punjab,Gobindgarh,"M/s Modi Oil and General Mills, Mandi Gobindgarh",Punjab State Pollution Control Board,"Residential, Rural and other Areas",7,38,167,NA
302,14-02-2015,Punjab,Gobindgarh,"M/s Modi Oil and General Mills, Mandi Gobindgarh",Punjab State Pollution Control Board,"Residential, Rural and other Areas",7,35,118,NA
302,19-02-2015,Punjab,Gobindgarh,"M/s Modi Oil and General Mills, Mandi Gobindgarh",Punjab State Pollution Control Board,"Residential, Rural and other Areas",8,34,155,NA
302,21-02-2015,Punjab,Gobindgarh,"M/s Modi Oil and General Mills, Mandi Gobindgarh",Punjab State Pollution Control Board,"Residential, Rural and other Areas",7,36,165,NA
302,24-02-2015,Punjab,Gobindgarh,"M/s Modi Oil and General Mills, Mandi Gobindgarh",Punjab State Pollution Control Board,"Residential, Rural and other Areas",7,36,183,NA
302,26-02-2015,Punjab,Gobindgarh,"M/s Modi Oil and General Mills, Mandi Gobindgarh",Punjab State Pollution Control Board,"Residential, Rural and other Areas",8,40,161,NA
302,28-02-2015,Punjab,Gobindgarh,"M/s Modi Oil and General Mills, Mandi Gobindgarh",Punjab State Pollution Control Board,"Residential, Rural and other Areas",8,38,139,NA
302,03-03-2015,Punjab,Gobindgarh,"M/s Modi Oil and General Mills, Mandi Gobindgarh",Punjab State Pollution Control Board,"Residential, Rural and other Areas",7,35,161,NA
302,05-03-2015,Punjab,Gobindgarh,"M/s Modi Oil and General Mills, Mandi Gobindgarh",Punjab State Pollution Control Board,"Residential, Rural and other Areas",7,40,138,NA
302,07-03-2015,Punjab,Gobindgarh,"M/s Modi Oil and General Mills, Mandi Gobindgarh",Punjab State Pollution Control Board,"Residential, Rural and other Areas",7,37,154,NA
302,10-03-2015,Punjab,Gobindgarh,"M/s Modi Oil and General Mills, Mandi Gobindgarh",Punjab State Pollution Control Board,"Residential, Rural and other Areas",7,35,152,NA
302,12-03-2015,Punjab,Gobindgarh,"M/s Modi Oil and General Mills, Mandi Gobindgarh",Punjab State Pollution Control Board,"Residential, Rural and other Areas",7,39,137,NA
302,14-03-2015,Punjab,Gobindgarh,"M/s Modi Oil and General Mills, Mandi Gobindgarh",Punjab State Pollution Control Board,"Residential, Rural and other Areas",20,40,154,NA
302,17-03-2015,Punjab,Gobindgarh,"M/s Modi Oil and General Mills, Mandi Gobindgarh",Punjab State Pollution Control Board,"Residential, Rural and other Areas",7,40,152,NA
302,19-03-2015,Punjab,Gobindgarh,"M/s Modi Oil and General Mills, Mandi Gobindgarh",Punjab State Pollution Control Board,"Residential, Rural and other Areas",7,34,172,NA
302,21-03-2015,Punjab,Gobindgarh,"M/s Modi Oil and General Mills, Mandi Gobindgarh",Punjab State Pollution Control Board,"Residential, Rural and other Areas",7,41,174,NA
302,24-03-2015,Punjab,Gobindgarh,"M/s Modi Oil and General Mills, Mandi Gobindgarh",Punjab State Pollution Control Board,"Residential, Rural and other Areas",6,41,162,NA
302,26-03-2015,Punjab,Gobindgarh,"M/s Modi Oil and General Mills, Mandi Gobindgarh",Punjab State Pollution Control Board,"Residential, Rural and other Areas",6,37,135,NA
302,31-03-2015,Punjab,Gobindgarh,"M/s Modi Oil and General Mills, Mandi Gobindgarh",Punjab State Pollution Control Board,"Residential, Rural and other Areas",6,37,173,NA
302,07-04-2015,Punjab,Gobindgarh,"M/s Modi Oil and General Mills, Mandi Gobindgarh",Punjab State Pollution Control Board,"Residential, Rural and other Areas",7,36,158,NA
302,09-04-2015,Punjab,Gobindgarh,"M/s Modi Oil and General Mills, Mandi Gobindgarh",Punjab State Pollution Control Board,"Residential, Rural and other Areas",7,43,167,NA
302,11-04-2015,Punjab,Gobindgarh,"M/s Modi Oil and General Mills, Mandi Gobindgarh",Punjab State Pollution Control Board,"Residential, Rural and other Areas",6,47,175,NA
302,16-04-2015,Punjab,Gobindgarh,"M/s Modi Oil and General Mills, Mandi Gobindgarh",Punjab State Pollution Control Board,"Residential, Rural and other Areas",7,38,156,NA
302,18-04-2015,Punjab,Gobindgarh,"M/s Modi Oil and General Mills, Mandi Gobindgarh",Punjab State Pollution Control Board,"Residential, Rural and other Areas",6,39,143,NA
302,23-04-2015,Punjab,Gobindgarh,"M/s Modi Oil and General Mills, Mandi Gobindgarh",Punjab State Pollution Control Board,"Residential, Rural and other Areas",7,41,161,NA
302,25-04-2015,Punjab,Gobindgarh,"M/s Modi Oil and General Mills, Mandi Gobindgarh",Punjab State Pollution Control Board,"Residential, Rural and other Areas",7,37,157,NA
302,28-04-2015,Punjab,Gobindgarh,"M/s Modi Oil and General Mills, Mandi Gobindgarh",Punjab State Pollution Control Board,"Residential, Rural and other Areas",6,37,148,NA
302,30-04-2015,Punjab,Gobindgarh,"M/s Modi Oil and General Mills, Mandi Gobindgarh",Punjab State Pollution Control Board,"Residential, Rural and other Areas",7,34,150,NA
302,02-05-2015,Punjab,Gobindgarh,"M/s Modi Oil and General Mills, Mandi Gobindgarh",Punjab State Pollution Control Board,"Residential, Rural and other Areas",7,34,132,NA
302,05-05-2015,Punjab,Gobindgarh,"M/s Modi Oil and General Mills, Mandi Gobindgarh",Punjab State Pollution Control Board,"Residential, Rural and other Areas",7,38,133,NA
302,07-05-2015,Punjab,Gobindgarh,"M/s Modi Oil and General Mills, Mandi Gobindgarh",Punjab State Pollution Control Board,"Residential, Rural and other Areas",6,33,108,NA
302,09-05-2015,Punjab,Gobindgarh,"M/s Modi Oil and General Mills, Mandi Gobindgarh",Punjab State Pollution Control Board,"Residential, Rural and other Areas",7,44,98,NA
302,12-05-2015,Punjab,Gobindgarh,"M/s Modi Oil and General Mills, Mandi Gobindgarh",Punjab State Pollution Control Board,"Residential, Rural and other Areas",7,33,124,NA
302,14-05-2015,Punjab,Gobindgarh,"M/s Modi Oil and General Mills, Mandi Gobindgarh",Punjab State Pollution Control Board,"Residential, Rural and other Areas",6,35,125,NA
302,16-05-2015,Punjab,Gobindgarh,"M/s Modi Oil and General Mills, Mandi Gobindgarh",Punjab State Pollution Control Board,"Residential, Rural and other Areas",7,36,127,NA
302,19-05-2015,Punjab,Gobindgarh,"M/s Modi Oil and General Mills, Mandi Gobindgarh",Punjab State Pollution Control Board,"Residential, Rural and other Areas",6,38,114,NA
302,21-05-2015,Punjab,Gobindgarh,"M/s Modi Oil and General Mills, Mandi Gobindgarh",Punjab State Pollution Control Board,"Residential, Rural and other Areas",6,37,121,NA
302,23-05-2015,Punjab,Gobindgarh,"M/s Modi Oil and General Mills, Mandi Gobindgarh",Punjab State Pollution Control Board,"Residential, Rural and other Areas",7,42,136,NA
302,26-05-2015,Punjab,Gobindgarh,"M/s Modi Oil and General Mills, Mandi Gobindgarh",Punjab State Pollution Control Board,"Residential, Rural and other Areas",7,38,137,NA
302,28-05-2015,Punjab,Gobindgarh,"M/s Modi Oil and General Mills, Mandi Gobindgarh",Punjab State Pollution Control Board,"Residential, Rural and other Areas",7,38,137,NA
302,30-05-2015,Punjab,Gobindgarh,"M/s Modi Oil and General Mills, Mandi Gobindgarh",Punjab State Pollution Control Board,"Residential, Rural and other Areas",7,36,135,NA
302,04-06-2015,Punjab,Gobindgarh,"M/s Modi Oil and General Mills, Mandi Gobindgarh",Punjab State Pollution Control Board,"Residential, Rural and other Areas",7,36,145,NA
302,06-06-2015,Punjab,Gobindgarh,"M/s Modi Oil and General Mills, Mandi Gobindgarh",Punjab State Pollution Control Board,"Residential, Rural and other Areas",7,38,141,NA
302,09-06-2015,Punjab,Gobindgarh,"M/s Modi Oil and General Mills, Mandi Gobindgarh",Punjab State Pollution Control Board,"Residential, Rural and other Areas",8,40,143,NA
302,11-06-2015,Punjab,Gobindgarh,"M/s Modi Oil and General Mills, Mandi Gobindgarh",Punjab State Pollution Control Board,"Residential, Rural and other Areas",7,34,109,NA
302,13-06-2015,Punjab,Gobindgarh,"M/s Modi Oil and General Mills, Mandi Gobindgarh",Punjab State Pollution Control Board,"Residential, Rural and other Areas",7,38,103,NA
302,16-06-2015,Punjab,Gobindgarh,"M/s Modi Oil and General Mills, Mandi Gobindgarh",Punjab State Pollution Control Board,"Residential, Rural and other Areas",7,36,122,NA
302,25-06-2015,Punjab,Gobindgarh,"M/s Modi Oil and General Mills, Mandi Gobindgarh",Punjab State Pollution Control Board,"Residential, Rural and other Areas",6,32,129,NA
302,27-06-2015,Punjab,Gobindgarh,"M/s Modi Oil and General Mills, Mandi Gobindgarh",Punjab State Pollution Control Board,"Residential, Rural and other Areas",6,32,152,NA
302,30-06-2015,Punjab,Gobindgarh,"M/s Modi Oil and General Mills, Mandi Gobindgarh",Punjab State Pollution Control Board,"Residential, Rural and other Areas",7,36,143,NA
302,02-07-2015,Punjab,Gobindgarh,"M/s Modi Oil and General Mills, Mandi Gobindgarh",Punjab State Pollution Control Board,"Residential, Rural and other Areas",6,35,129,NA
302,04-07-2015,Punjab,Gobindgarh,"M/s Modi Oil and General Mills, Mandi Gobindgarh",Punjab State Pollution Control Board,"Residential, Rural and other Areas",7,35,129,NA
302,07-07-2015,Punjab,Gobindgarh,"M/s Modi Oil and General Mills, Mandi Gobindgarh",Punjab State Pollution Control Board,"Residential, Rural and other Areas",6,34,122,NA
302,09-07-2015,Punjab,Gobindgarh,"M/s Modi Oil and General Mills, Mandi Gobindgarh",Punjab State Pollution Control Board,"Residential, Rural and other Areas",6,35,111,NA
302,14-07-2015,Punjab,Gobindgarh,"M/s Modi Oil and General Mills, Mandi Gobindgarh",Punjab State Pollution Control Board,"Residential, Rural and other Areas",7,35,133,NA
302,16-07-2015,Punjab,Gobindgarh,"M/s Modi Oil and General Mills, Mandi Gobindgarh",Punjab State Pollution Control Board,"Residential, Rural and other Areas",6,30,108,NA
302,21-07-2015,Punjab,Gobindgarh,"M/s Modi Oil and General Mills, Mandi Gobindgarh",Punjab State Pollution Control Board,"Residential, Rural and other Areas",7,36,118,NA
302,23-07-2015,Punjab,Gobindgarh,"M/s Modi Oil and General Mills, Mandi Gobindgarh",Punjab State Pollution Control Board,"Residential, Rural and other Areas",7,38,108,NA
302,25-07-2015,Punjab,Gobindgarh,"M/s Modi Oil and General Mills, Mandi Gobindgarh",Punjab State Pollution Control Board,"Residential, Rural and other Areas",7,33,135,NA
302,28-07-2015,Punjab,Gobindgarh,"M/s Modi Oil and General Mills, Mandi Gobindgarh",Punjab State Pollution Control Board,"Residential, Rural and other Areas",6,29,136,NA
302,30-07-2015,Punjab,Gobindgarh,"M/s Modi Oil and General Mills, Mandi Gobindgarh",Punjab State Pollution Control Board,"Residential, Rural and other Areas",6,32,130,NA
302,01-08-2015,Punjab,Gobindgarh,"M/s Modi Oil and General Mills, Mandi Gobindgarh",Punjab State Pollution Control Board,"Residential, Rural and other Areas",7,38,135,NA
302,04-08-2015,Punjab,Gobindgarh,"M/s Modi Oil and General Mills, Mandi Gobindgarh",Punjab State Pollution Control Board,"Residential, Rural and other Areas",7,34,139,NA
302,06-08-2015,Punjab,Gobindgarh,"M/s Modi Oil and General Mills, Mandi Gobindgarh",Punjab State Pollution Control Board,"Residential, Rural and other Areas",7,32,138,NA
302,08-08-2015,Punjab,Gobindgarh,"M/s Modi Oil and General Mills, Mandi Gobindgarh",Punjab State Pollution Control Board,"Residential, Rural and other Areas",7,39,136,NA
302,11-08-2015,Punjab,Gobindgarh,"M/s Modi Oil and General Mills, Mandi Gobindgarh",Punjab State Pollution Control Board,"Residential, Rural and other Areas",7,36,138,NA
302,13-08-2015,Punjab,Gobindgarh,"M/s Modi Oil and General Mills, Mandi Gobindgarh",Punjab State Pollution Control Board,"Residential, Rural and other Areas",6,34,146,NA
302,18-08-2015,Punjab,Gobindgarh,"M/s Modi Oil and General Mills, Mandi Gobindgarh",Punjab State Pollution Control Board,"Residential, Rural and other Areas",7,31,136,NA
302,20-08-2015,Punjab,Gobindgarh,"M/s Modi Oil and General Mills, Mandi Gobindgarh",Punjab State Pollution Control Board,"Residential, Rural and other Areas",7,38,157,NA
302,22-08-2015,Punjab,Gobindgarh,"M/s Modi Oil and General Mills, Mandi Gobindgarh",Punjab State Pollution Control Board,"Residential, Rural and other Areas",6,31,95,NA
302,25-08-2015,Punjab,Gobindgarh,"M/s Modi Oil and General Mills, Mandi Gobindgarh",Punjab State Pollution Control Board,"Residential, Rural and other Areas",7,37,91,NA
302,27-08-2015,Punjab,Gobindgarh,"M/s Modi Oil and General Mills, Mandi Gobindgarh",Punjab State Pollution Control Board,"Residential, Rural and other Areas",6,32,100,NA
302,29-08-2015,Punjab,Gobindgarh,"M/s Modi Oil and General Mills, Mandi Gobindgarh",Punjab State Pollution Control Board,"Residential, Rural and other Areas",7,38,109,NA
302,01-09-2015,Punjab,Gobindgarh,"M/s Modi Oil and General Mills, Mandi Gobindgarh",Punjab State Pollution Control Board,"Residential, Rural and other Areas",6,38,106,NA
302,03-09-2015,Punjab,Gobindgarh,"M/s Modi Oil and General Mills, Mandi Gobindgarh",Punjab State Pollution Control Board,"Residential, Rural and other Areas",7,28,111,NA
302,08-09-2015,Punjab,Gobindgarh,"M/s Modi Oil and General Mills, Mandi Gobindgarh",Punjab State Pollution Control Board,"Residential, Rural and other Areas",7,35,117,NA
302,10-09-2015,Punjab,Gobindgarh,"M/s Modi Oil and General Mills, Mandi Gobindgarh",Punjab State Pollution Control Board,"Residential, Rural and other Areas",7,32,125,NA
302,12-09-2015,Punjab,Gobindgarh,"M/s Modi Oil and General Mills, Mandi Gobindgarh",Punjab State Pollution Control Board,"Residential, Rural and other Areas",6,31,107,NA
302,15-09-2015,Punjab,Gobindgarh,"M/s Modi Oil and General Mills, Mandi Gobindgarh",Punjab State Pollution Control Board,"Residential, Rural and other Areas",8,28,99,NA
302,17-09-2015,Punjab,Gobindgarh,"M/s Modi Oil and General Mills, Mandi Gobindgarh",Punjab State Pollution Control Board,"Residential, Rural and other Areas",7,37,125,NA
302,24-09-2015,Punjab,Gobindgarh,"M/s Modi Oil and General Mills, Mandi Gobindgarh",Punjab State Pollution Control Board,"Residential, Rural and other Areas",7,35,117,NA
302,26-09-2015,Punjab,Gobindgarh,"M/s Modi Oil and General Mills, Mandi Gobindgarh",Punjab State Pollution Control Board,"Residential, Rural and other Areas",7,34,87,NA
302,29-09-2015,Punjab,Gobindgarh,"M/s Modi Oil and General Mills, Mandi Gobindgarh",Punjab State Pollution Control Board,"Residential, Rural and other Areas",7,35,117,NA
302,01-10-2015,Punjab,Gobindgarh,"M/s Modi Oil and General Mills, Mandi Gobindgarh",Punjab State Pollution Control Board,"Residential, Rural and other Areas",7,32,122,NA
302,03-10-2015,Punjab,Gobindgarh,"M/s Modi Oil and General Mills, Mandi Gobindgarh",Punjab State Pollution Control Board,"Residential, Rural and other Areas",7,37,120,NA
302,06-10-2015,Punjab,Gobindgarh,"M/s Modi Oil and General Mills, Mandi Gobindgarh",Punjab State Pollution Control Board,"Residential, Rural and other Areas",6,29,120,NA
302,08-10-2015,Punjab,Gobindgarh,"M/s Modi Oil and General Mills, Mandi Gobindgarh",Punjab State Pollution Control Board,"Residential, Rural and other Areas",7,33,123,NA
302,10-10-2015,Punjab,Gobindgarh,"M/s Modi Oil and General Mills, Mandi Gobindgarh",Punjab State Pollution Control Board,"Residential, Rural and other Areas",7,38,106,NA
302,15-10-2015,Punjab,Gobindgarh,"M/s Modi Oil and General Mills, Mandi Gobindgarh",Punjab State Pollution Control Board,"Residential, Rural and other Areas",6,32,99,NA
302,17-10-2015,Punjab,Gobindgarh,"M/s Modi Oil and General Mills, Mandi Gobindgarh",Punjab State Pollution Control Board,"Residential, Rural and other Areas",6,43,106,NA
302,20-10-2015,Punjab,Gobindgarh,"M/s Modi Oil and General Mills, Mandi Gobindgarh",Punjab State Pollution Control Board,"Residential, Rural and other Areas",7,41,114,NA
302,24-10-2015,Punjab,Gobindgarh,"M/s Modi Oil and General Mills, Mandi Gobindgarh",Punjab State Pollution Control Board,"Residential, Rural and other Areas",7,43,119,NA
302,31-10-2015,Punjab,Gobindgarh,"M/s Modi Oil and General Mills, Mandi Gobindgarh",Punjab State Pollution Control Board,"Residential, Rural and other Areas",7,37,119,NA
302,03-11-2015,Punjab,Gobindgarh,"M/s Modi Oil and General Mills, Mandi Gobindgarh",Punjab State Pollution Control Board,"Residential, Rural and other Areas",8,42,153,NA
302,07-11-2015,Punjab,Gobindgarh,"M/s Modi Oil and General Mills, Mandi Gobindgarh",Punjab State Pollution Control Board,"Residential, Rural and other Areas",7,38,144,NA
302,14-11-2015,Punjab,Gobindgarh,"M/s Modi Oil and General Mills, Mandi Gobindgarh",Punjab State Pollution Control Board,"Residential, Rural and other Areas",8,39,153,NA
302,17-11-2015,Punjab,Gobindgarh,"M/s Modi Oil and General Mills, Mandi Gobindgarh",Punjab State Pollution Control Board,"Residential, Rural and other Areas",7,37,142,NA
302,19-11-2015,Punjab,Gobindgarh,"M/s Modi Oil and General Mills, Mandi Gobindgarh",Punjab State Pollution Control Board,"Residential, Rural and other Areas",7,43,142,NA
302,21-11-2015,Punjab,Gobindgarh,"M/s Modi Oil and General Mills, Mandi Gobindgarh",Punjab State Pollution Control Board,"Residential, Rural and other Areas",7,42,139,NA
302,24-11-2015,Punjab,Gobindgarh,"M/s Modi Oil and General Mills, Mandi Gobindgarh",Punjab State Pollution Control Board,"Residential, Rural and other Areas",7,41,135,NA
302,26-11-2015,Punjab,Gobindgarh,"M/s Modi Oil and General Mills, Mandi Gobindgarh",Punjab State Pollution Control Board,"Residential, Rural and other Areas",8,43,145,NA
302,29-11-2015,Punjab,Gobindgarh,"M/s Modi Oil and General Mills, Mandi Gobindgarh",Punjab State Pollution Control Board,"Residential, Rural and other Areas",8,43,131,NA
302,01-12-2015,Punjab,Gobindgarh,"M/s Modi Oil and General Mills, Mandi Gobindgarh",Punjab State Pollution Control Board,"Residential, Rural and other Areas",8,42,135,NA
302,03-12-2015,Punjab,Gobindgarh,"M/s Modi Oil and General Mills, Mandi Gobindgarh",Punjab State Pollution Control Board,"Residential, Rural and other Areas",8,36,144,NA
302,05-12-2015,Punjab,Gobindgarh,"M/s Modi Oil and General Mills, Mandi Gobindgarh",Punjab State Pollution Control Board,"Residential, Rural and other Areas",8,39,140,NA
